Id,GrLivArea,OverallQual,TotalSF,GarageCars,FullBath,YearBuilt,PredictedPrice
1461,896,5,1778.0,1.0,1,1961,126203.5
1462,1329,6,2658.0,1.0,1,1958,156228.53
1463,1629,5,2557.0,2.0,2,1997,182480.61
1464,1604,6,2530.0,2.0,2,1998,188810.58
1465,1280,8,2560.0,2.0,2,1992,199190.64
1466,1655,6,2418.0,2.0,2,1993,179267.45
1467,1187,6,2355.0,2.0,2,1992,182054.94
1468,1465,6,2254.0,2.0,2,1998,170907.38
1469,1341,7,2641.0,2.0,1,1990,185122.52
1470,882,4,1764.0,2.0,1,1970,128833.17
1471,1337,7,2742.0,2.0,2,1999,206549.02
1472,987,6,1470.0,1.0,1,1971,91115.055
1473,1092,5,1617.0,1.0,1,1971,98315.42
1474,1456,6,2311.0,2.0,2,1975,150112.64
1475,836,7,1672.0,1.0,1,1975,115673.24
1476,2334,9,3924.0,3.0,2,2009,377309.6
1477,1544,8,3088.0,3.0,2,2009,256169.48
1478,1698,9,3396.0,3.0,2,2005,286845.84
1479,1822,8,3644.0,3.0,2,2005,264017.88
1480,2696,9,5542.0,3.0,2,2003,475959.06
1481,2250,8,3921.0,3.0,2,2002,341706.62
1482,1370,8,2740.0,2.0,2,2006,201100.64
1483,1324,6,2648.0,2.0,2,2005,188900.08
1484,1145,7,2290.0,2.0,2,2006,161766.39
1485,1374,7,1758.0,2.0,2,2004,169025.28
1486,1733,7,2580.0,2.0,2,2004,198827.88
1487,2475,8,4104.0,3.0,2,1998,402374.78
1488,1595,8,3190.0,3.0,2,2005,239681.02
1489,1218,7,2436.0,2.0,2,2009,204520.38
1490,1468,6,2936.0,2.0,2,2005,208949.45
1491,1659,7,2490.0,2.0,2,2004,188834.58
1492,1012,5,1828.0,1.0,1,1920,97578.98
1493,1494,6,2702.0,2.0,2,1974,172853.3
1494,2349,8,3580.0,3.0,2,1993,285626.75
1495,2225,8,3615.0,3.0,2,1992,301009.6
1496,1488,7,2976.0,2.0,2,2004,227060.27
1497,1680,7,2520.0,2.0,2,2004,194320.22
1498,1200,7,1800.0,2.0,2,2004,158805.23
1499,1200,7,1800.0,2.0,2,2004,158107.86
1500,1236,6,1836.0,2.0,2,2005,162740.38
1501,1512,6,2268.0,2.0,2,2000,170085.5
1502,1080,7,1610.0,2.0,2,2003,152432.33
1503,1418,8,3060.0,3.0,1,2010,325062.28
1504,1848,8,2823.0,2.0,2,2000,235392.25
1505,1492,7,2984.0,2.0,2,2002,221823.14
1506,1829,6,3658.0,2.0,2,1967,202742.12
1507,2495,6,3775.0,2.0,2,1993,247470.95
1508,1891,6,3115.0,2.0,3,1978,190410.2
1509,1645,6,2360.0,2.0,1,1971,162830.84
1510,1232,5,2464.0,2.0,1,1966,142070.22
1511,1209,5,2418.0,2.0,1,1966,137436.53
1512,1510,5,3020.0,2.0,2,1967,170592.11
1513,1775,6,2308.0,2.0,2,1964,144763.88
1514,1728,5,3456.0,0.0,2,1962,158787.47
1515,2461,5,3601.0,2.0,2,1952,195439.16
1516,1556,6,2338.0,2.0,2,1949,152770.7
1517,1128,6,2208.0,1.0,1,1966,157901.66
1518,1604,5,3208.0,2.0,2,1958,119953.81
1519,1480,7,2960.0,2.0,2,2003,220981.58
1520,1143,5,2286.0,1.0,1,1959,133945.28
1521,1206,5,2412.0,1.0,1,1959,134340.28
1522,1580,6,2824.0,2.0,1,1959,165348.53
1523,1337,4,2169.0,1.0,1,1956,116773.42
1524,1064,5,1928.0,1.0,1,1952,125563.64
1525,972,5,1944.0,1.0,1,1955,123076.8
1526,988,5,1976.0,1.0,1,1958,118806.67
1527,985,4,1561.0,2.0,1,1920,106124.125
1528,1224,6,2040.0,1.0,1,1948,131358.47
1529,1175,5,2350.0,2.0,1,1960,142322.0
1530,1395,6,2790.0,2.0,1,1963,163529.0
1531,1844,4,2553.0,1.0,1,1900,127211.625
1532,936,5,1872.0,0.0,1,1920,109161.13
1533,1347,5,2694.0,2.0,1,1957,150009.38
1534,1251,6,2078.0,1.0,1,1938,120296.73
1535,1633,5,2660.0,1.0,1,1948,155482.36
1536,1245,5,2253.0,1.0,1,1920,114449.78
1537,832,2,1510.0,2.0,1,1923,81343.91
1538,1566,8,2496.0,1.0,2,1900,160862.38
1539,2268,8,2614.0,2.0,3,1890,161216.42
1540,2256,5,3096.0,0.0,2,1910,113901.73
1541,1470,6,2208.0,2.0,1,1922,141893.03
1542,1612,5,2600.0,1.0,1,1950,148337.6
1543,2068,7,3176.0,1.0,1,1922,217815.69
1544,765,4,1530.0,1.0,1,1925,72611.78
1545,1132,6,1740.0,1.0,1,1939,107993.48
1546,1196,6,1768.0,2.0,1,1940,123351.984
1547,1453,5,2288.0,1.0,1,1942,129951.78
1548,1416,6,2196.0,1.0,1,1948,132070.48
1549,1040,5,1568.0,2.0,1,1936,120221.92
1550,1536,5,2464.0,2.0,2,1930,130336.37
1551,1068,6,2192.0,1.0,1,1923,114808.484
1552,1962,4,2850.0,2.0,1,1915,136548.1
1553,1560,6,2340.0,0.0,1,1912,149330.03
1554,1324,6,1986.0,1.0,1,1920,116199.09
1555,1675,5,3097.0,1.0,2,1959,176721.2
1556,1224,5,1913.0,1.0,1,1917,100368.44
1557,1392,5,2604.0,0.0,1,1915,132665.48
1558,919,6,1519.0,1.0,1,1940,85073.37
1559,1884,4,2591.0,0.0,1,1907,119493.74
1560,1680,5,2536.0,2.0,2,1910,141709.25
1561,1832,4,3664.0,0.0,2,1967,161778.03
1562,892,5,1756.0,1.0,1,1966,129362.49
1563,864,5,1728.0,1.0,1,1968,116828.44
1564,1373,5,2692.0,2.0,1,1978,166621.86
1565,1440,5,2160.0,2.0,1,1968,150037.72
1566,1483,7,2903.0,2.0,1,1977,218495.14
1567,756,4,1416.0,2.0,1,1927,82675.5
1568,1981,6,3098.0,2.0,2,1978,225949.03
1569,1610,3,2582.0,1.0,2,1938,165756.56
1570,1074,6,1737.0,1.0,1,1950,133027.2
1571,1531,4,1925.0,1.0,1,1947,115655.664
1572,1172,5,2344.0,1.0,1,1954,152483.86
1573,1508,7,3016.0,2.0,1,2009,254393.38
1574,1298,5,2548.0,2.0,2,1964,121089.73
1575,1433,7,2866.0,2.0,1,1987,214946.62
1576,1802,6,2748.0,4.0,2,1993,218851.48
1577,1222,7,2444.0,2.0,2,2010,200757.75
1578,1445,6,2121.0,2.0,2,1900,141750.36
1579,965,5,1835.0,2.0,1,1996,146654.56
1580,1692,7,2570.0,2.0,2,1997,192952.55
1581,1026,5,2052.0,1.0,1,1977,143633.69
1582,876,5,1752.0,2.0,1,1972,125496.734
1583,1978,8,3956.0,3.0,2,2003,325530.03
1584,2098,7,3138.0,2.0,2,1997,231591.98
1585,848,6,1696.0,2.0,1,2003,140963.14
1586,640,3,640.0,1.0,1,1945,75717.92
1587,992,5,1373.0,1.0,1,1954,100652.87
1588,1196,5,2392.0,1.0,1,1968,152490.9
1589,1120,4,1864.0,2.0,1,1948,112325.89
1590,1096,6,2104.0,1.0,1,1975,134210.81
1591,960,4,1920.0,0.0,1,1958,98547.81
1592,1296,5,2403.0,1.0,2,1924,123887.84
1593,856,6,1712.0,2.0,1,1939,124439.08
1594,2650,4,2650.0,0.0,3,1967,150573.56
1595,1666,5,2560.0,0.0,1,1931,117130.98
1596,2133,7,3661.0,1.0,1,1941,238649.45
1597,2177,5,3209.0,2.0,2,1950,182389.81
1598,1652,7,2075.0,2.0,2,1994,178766.88
1599,1034,8,2016.0,2.0,1,1989,181069.06
1600,1191,8,2382.0,2.0,2,1989,173721.31
1601,540,2,1020.0,1.0,1,1941,71502.71
1602,1107,6,1736.0,1.0,1,1921,116066.63
1603,952,4,1708.0,1.0,1,1896,108306.21
1604,1646,8,3240.0,2.0,2,2004,273722.2
1605,1916,8,2965.0,3.0,2,1998,247294.81
1606,1285,6,2528.0,2.0,2,1977,171549.53
1607,2048,6,4006.0,2.0,3,1976,168777.28
1608,1346,7,2682.0,3.0,2,2008,220347.02
1609,1214,7,2428.0,2.0,2,2009,191546.83
1610,1444,5,1828.0,2.0,2,2006,167568.47
1611,1264,5,2332.0,2.0,1,1965,145747.05
1612,1430,5,2860.0,2.0,2,2004,173280.53
1613,1344,5,2688.0,2.0,2,1999,163394.22
1614,945,5,1890.0,1.0,1,1973,120422.52
1615,1092,4,1638.0,0.0,1,1970,93791.64
1616,1092,4,1638.0,0.0,1,1970,78180.99
1617,1092,4,1638.0,1.0,1,1972,95563.89
1618,874,5,1738.0,1.0,1,1971,126277.48
1619,833,5,1666.0,2.0,1,1984,137341.28
1620,2432,5,3648.0,2.0,4,1985,176371.16
1621,1274,5,1898.0,2.0,1,1991,151258.8
1622,1479,5,2343.0,1.0,2,1969,148879.98
1623,1803,8,3482.0,2.0,2,1994,293473.0
1624,1797,6,2949.0,2.0,2,1993,208106.12
1625,882,6,1764.0,1.0,1,1956,118326.26
1626,1434,6,2868.0,2.0,2,1974,164240.98
1627,1608,6,2553.0,2.0,2,1997,189224.83
1628,2283,8,3291.0,3.0,2,2003,281523.75
1629,1628,7,2012.0,2.0,2,1996,175147.9
1630,2522,8,4730.0,2.0,2,2004,401523.47
1631,1478,8,2896.0,2.0,2,1998,222691.03
1632,1734,8,3321.0,2.0,2,1995,245911.77
1633,1382,7,1766.0,2.0,2,1998,167489.47
1634,1636,6,2588.0,2.0,2,1998,183371.62
1635,1516,6,2223.0,2.0,2,1994,177008.25
1636,1190,6,2371.0,2.0,2,1993,159766.67
1637,1934,5,3056.0,2.0,2,1977,180081.14
1638,2050,7,2882.0,2.0,2,1978,179270.77
1639,1671,6,3098.0,2.0,2,1978,180828.84
1640,2673,7,3716.0,2.0,2,1980,266635.47
1641,1707,6,2847.0,2.0,2,1978,172651.0
1642,1884,7,2810.0,2.0,2,2003,226421.92
1643,1874,8,2932.0,2.0,2,2000,225361.19
1644,1811,8,2783.0,2.0,2,2002,243450.7
1645,1621,5,3242.0,2.0,2,1975,198581.4
1646,1116,6,2232.0,2.0,2,1974,151212.2
1647,1193,7,2369.0,2.0,2,1975,152374.56
1648,1180,5,2360.0,2.0,1,1970,138355.45
1649,1050,5,2093.0,1.0,1,1971,137348.61
1650,864,4,1728.0,2.0,1,1970,118000.92
1651,864,4,1728.0,2.0,1,1971,122727.266
1652,987,6,1470.0,1.0,1,1973,93132.03
1653,987,6,1470.0,1.0,1,1972,99199.17
1654,1548,6,2352.0,2.0,2,1976,152297.75
1655,1055,7,2112.0,2.0,2,1975,139841.22
1656,1456,6,2311.0,2.0,2,1977,148876.98
1657,1548,6,2352.0,2.0,2,1978,153743.69
1658,1456,6,2311.0,2.0,2,1978,146741.33
1659,836,7,1672.0,1.0,1,1976,122651.516
1660,1120,5,1984.0,2.0,1,1966,152085.14
1661,2772,9,4548.0,3.0,3,2007,479089.6
1662,2690,9,4055.0,3.0,2,2009,411653.25
1663,2020,9,4040.0,3.0,2,2008,404582.38
1664,2674,10,5304.0,3.0,2,2007,448878.72
1665,1736,9,3472.0,3.0,2,2008,289729.16
1666,1782,8,3564.0,3.0,2,2004,332731.78
1667,2520,8,4028.0,3.0,2,2007,414361.12
1668,1743,9,3482.0,3.0,2,2008,328980.9
1669,1531,9,3035.0,3.0,2,2006,287350.34
1670,1808,9,3582.0,3.0,2,2008,329791.94
1671,1760,7,3520.0,2.0,2,2003,261963.58
1672,2452,9,4904.0,3.0,2,2003,500020.38
1673,2400,8,3482.0,3.0,3,2003,270646.84
1674,1606,8,3204.0,3.0,2,2006,247174.98
1675,1358,6,2716.0,2.0,2,2005,192263.42
1676,1306,6,2612.0,2.0,2,2005,192881.06
1677,1358,7,2708.0,2.0,2,2007,218604.9
1678,2492,10,4984.0,3.0,2,2004,420765.84
1679,2200,8,4400.0,3.0,2,2003,383808.7
1680,1884,9,3768.0,2.0,2,2008,330008.7
1681,1456,9,2907.0,2.0,2,2008,252600.52
1682,1712,8,3424.0,3.0,2,2002,315126.84
1683,1405,7,2810.0,2.0,2,2003,173222.77
1684,1456,7,2184.0,2.0,2,2005,168621.2
1685,1490,6,2235.0,2.0,2,2005,173821.66
1686,1220,7,2440.0,2.0,2,2005,171533.0
1687,1374,7,1758.0,2.0,2,2004,165228.67
1688,1630,7,2498.0,2.0,2,2004,185390.9
1689,1594,7,2440.0,2.0,2,2004,184411.69
1690,1489,7,2271.0,2.0,2,2003,181100.98
1691,1342,7,2040.0,2.0,2,2003,175437.12
1692,2004,8,2874.0,3.0,2,2002,256919.5
1693,1374,7,1758.0,2.0,2,2004,163292.55
1694,1514,6,2308.0,2.0,2,2000,179911.61
1695,1430,7,1814.0,2.0,2,1999,168087.2
1696,2312,7,3489.0,3.0,2,1999,263867.6
1697,1430,7,1814.0,2.0,2,1999,171226.53
1698,2687,8,4142.0,3.0,2,2000,398069.6
1699,2063,8,4087.0,3.0,2,1994,347461.5
1700,2061,7,3131.0,2.0,2,1995,245095.72
1701,2232,8,3405.0,2.0,2,1993,261772.22
1702,1696,8,3392.0,3.0,2,2008,250312.02
1703,1658,8,3272.0,3.0,2,2008,246615.61
1704,1702,8,3404.0,3.0,2,2007,293002.22
1705,1432,8,2854.0,2.0,2,2006,231337.31
1706,2490,9,4948.0,3.0,2,2005,456826.66
1707,1436,7,2872.0,2.0,2,2008,215837.03
1708,1402,7,2804.0,2.0,2,2008,212258.7
1709,1530,9,3060.0,3.0,2,2007,265852.16
1710,1448,8,2820.0,2.0,2,2006,228817.17
1711,1795,8,2695.0,3.0,2,2006,254706.92
1712,1836,8,3672.0,2.0,2,2008,256851.23
1713,1662,7,3314.0,3.0,2,2006,249844.55
1714,1553,7,3106.0,2.0,2,2003,224120.19
1715,1653,7,2465.0,2.0,2,2003,207905.52
1716,1218,7,2436.0,2.0,1,2007,186821.55
1717,1141,7,2282.0,2.0,1,2006,160417.81
1718,1158,6,2316.0,0.0,1,2004,142147.14
1719,1812,7,2647.0,2.0,2,2004,200289.48
1720,1512,8,3024.0,3.0,2,2004,250540.72
1721,1114,7,2228.0,2.0,1,2004,153311.97
1722,1114,5,2228.0,0.0,1,2004,126651.69
1723,1114,5,2228.0,2.0,2,2003,150544.12
1724,1450,7,2900.0,3.0,2,2008,225647.6
1725,2122,7,3035.0,2.0,2,1996,236886.67
1726,1730,6,2546.0,2.0,2,1992,191978.81
1727,1332,6,2664.0,2.0,2,1990,173663.64
1728,1540,7,2294.0,2.0,2,1994,177100.94
1729,1400,6,2076.0,2.0,2,1986,166639.48
1730,1882,6,1882.0,2.0,2,1981,165797.22
1731,980,5,1960.0,2.0,1,1962,126941.02
1732,864,5,1728.0,2.0,1,1961,128455.65
1733,864,5,1728.0,1.0,1,1961,119755.51
1734,1020,5,2044.0,1.0,2,1965,119103.0
1735,912,5,1824.0,1.0,1,1963,131972.36
1736,912,5,1824.0,1.0,1,1962,118167.86
1737,2014,8,4028.0,3.0,2,1980,346777.3
1738,1755,7,2730.0,2.0,2,1991,224331.61
1739,3005,7,4381.0,3.0,2,2004,259959.03
1740,1726,6,3452.0,2.0,2,2008,205574.12
1741,1256,6,2401.0,2.0,1,2008,197384.66
1742,1512,6,2268.0,2.0,2,2000,170479.39
1743,1452,7,2143.0,2.0,2,1999,164028.86
1744,1694,8,3388.0,2.0,2,1977,297408.5
1745,1740,7,3480.0,2.0,1,1981,232116.7
1746,2499,8,2891.0,2.0,2,1976,198514.84
1747,2067,7,2819.0,2.0,2,1974,202231.83
1748,2640,6,3572.0,2.0,2,1967,240495.17
1749,1336,5,2624.0,2.0,2,1969,156884.34
1750,1216,6,2432.0,1.0,1,1969,140049.23
1751,2288,7,3196.0,2.0,1,1977,236588.28
1752,864,5,1728.0,1.0,1,1967,121436.234
1753,1568,5,3136.0,2.0,1,1967,137634.08
1754,2061,7,3226.0,2.0,2,1974,200254.47
1755,1320,6,2552.0,2.0,2,1971,171882.27
1756,894,4,1788.0,2.0,1,1960,129510.81
1757,864,5,1728.0,1.0,1,1959,123100.9
1758,1362,4,2402.0,3.0,1,1957,146744.31
1759,1728,5,2776.0,2.0,2,1956,159064.31
1760,1313,5,2626.0,2.0,1,1961,167612.56
1761,1292,5,2584.0,2.0,1,1964,147044.02
1762,2140,5,2884.0,2.0,2,1965,173476.8
1763,1576,6,2784.0,2.0,1,1961,152397.97
1764,960,5,1920.0,1.0,1,1955,118373.07
1765,1691,6,3371.0,2.0,1,1967,176924.75
1766,1453,6,2906.0,2.0,2,1961,169955.81
1767,1567,6,3129.0,2.0,2,1966,215213.7
1768,1144,5,2313.0,1.0,1,1956,141420.58
1769,1329,7,2658.0,2.0,1,1960,168908.16
1770,988,6,1976.0,1.0,2,1959,136991.97
1771,1202,5,2404.0,1.0,1,1956,131488.36
1772,1382,5,2764.0,1.0,1,1955,132821.28
1773,1200,4,2400.0,1.0,1,1956,133477.62
1774,1866,5,3732.0,2.0,2,1958,124052.69
1775,1062,6,2124.0,1.0,1,1954,133568.8
1776,1112,5,1743.0,2.0,1,1951,120358.055
1777,793,5,1586.0,1.0,1,1945,114402.305
1778,1031,5,2062.0,1.0,1,1952,136516.69
1779,1210,5,1210.0,1.0,1,1953,112593.53
1780,1527,7,2226.0,2.0,1,1948,164492.86
1781,1200,5,2400.0,1.0,1,1950,134436.4
1782,792,3,1584.0,1.0,1,1958,87916.67
1783,1352,5,2028.0,2.0,2,1939,136324.95
1784,1039,4,1444.0,1.0,1,1900,104898.08
1785,1078,5,2132.0,1.0,1,1925,122387.22
1786,2377,4,2626.0,2.0,2,1915,138507.08
1787,1690,7,2250.0,2.0,2,1910,164065.28
1788,599,2,1015.0,0.0,1,1940,52599.027
1789,846,5,1566.0,2.0,1,1920,102529.06
1790,725,3,1355.0,1.0,1,1890,88265.414
1791,2544,6,3792.0,3.0,2,1969,190205.61
1792,1380,6,2760.0,1.0,1,1963,161910.16
1793,1040,6,2080.0,2.0,1,1967,133894.0
1794,951,6,1902.0,2.0,1,1958,145045.38
1795,1105,6,2210.0,1.0,1,1957,134233.42
1796,1142,6,1302.0,1.0,1,1958,122845.56
1797,1133,6,1928.0,2.0,1,1950,124615.27
1798,1041,5,2082.0,1.0,1,1958,125821.164
1799,732,5,1464.0,1.0,1,1952,121477.82
1800,1183,5,1711.0,1.0,1,1959,127624.14
1801,1461,4,2293.0,1.0,2,1949,128897.58
1802,1495,6,1928.0,2.0,1,1948,125511.39
1803,1806,6,2586.0,2.0,1,1964,146912.56
1804,941,5,1882.0,2.0,1,1978,147728.75
1805,1045,6,2090.0,1.0,1,1963,136117.9
1806,1378,6,2279.0,1.0,1,1935,117163.95
1807,1944,6,2916.0,2.0,2,1910,129088.69
1808,1306,5,1546.0,2.0,1,1910,114128.48
1809,1464,5,1968.0,0.0,2,1910,126399.125
1810,1558,5,2248.0,2.0,1,1939,151190.34
1811,1701,4,2301.0,0.0,2,1920,120405.71
1812,1447,5,2248.0,0.0,1,1910,111311.17
1813,1328,5,2096.0,1.0,1,1950,131340.06
1814,861,4,1722.0,2.0,1,1920,98744.07
1815,612,2,612.0,1.0,1,1940,67888.77
1816,792,5,1416.0,1.0,1,1923,101718.74
1817,1510,4,2187.0,2.0,2,1910,115290.914
1818,2007,6,2924.0,1.0,2,1900,132590.02
1819,1288,6,1912.0,1.0,1,1917,120576.625
1820,816,4,1440.0,0.0,1,1910,69943.29
1821,1480,6,2016.0,1.0,1,1920,111363.38
1822,1521,6,2262.0,3.0,1,1910,144970.39
1823,797,3,1042.0,0.0,1,1900,64754.793
1824,1432,6,2454.0,1.0,1,1923,139042.08
1825,1654,5,1951.0,1.0,2,1930,123776.445
1826,1142,5,1610.0,1.0,1,1924,97720.13
1827,995,5,1955.0,1.0,1,1925,109093.65
1828,1582,5,2534.0,1.0,2,1938,142610.03
1829,1072,5,2144.0,5.0,1,1925,116958.02
1830,1768,6,2816.0,2.0,2,1915,142619.52
1831,1944,7,2616.0,1.0,2,1915,146988.7
1832,2128,5,3168.0,0.0,2,1922,100491.27
1833,1930,6,2650.0,1.0,2,1927,139206.23
1834,1427,6,1910.0,1.0,1,1915,120952.13
1835,1864,7,2884.0,0.0,2,1902,156714.84
1836,1666,6,2870.0,1.0,1,1927,142787.42
1837,892,4,1750.0,0.0,1,1923,95060.13
1838,1403,6,2101.0,1.0,1,1915,129100.7
1839,704,4,1264.0,1.0,1,1946,101419.66
1840,1200,5,2400.0,0.0,3,1987,171360.95
1841,1152,5,2304.0,1.0,2,1978,149016.14
1842,1112,5,1697.0,1.0,2,1934,87487.89
1843,1052,5,2104.0,1.0,1,1967,141062.31
1844,1034,6,1490.0,2.0,1,1978,138562.0
1845,1774,5,2067.0,1.0,2,1961,141338.97
1846,1138,6,2276.0,2.0,1,1960,157869.8
1847,2071,5,2896.0,1.0,1,1956,170536.4
1848,660,2,660.0,0.0,1,1947,52457.7
1849,1383,4,1383.0,2.0,1,1954,108996.32
1850,1073,5,2146.0,1.0,1,1956,125932.914
1851,1639,6,2386.0,1.0,1,1946,160369.6
1852,1089,5,2178.0,1.0,1,1954,130812.89
1853,1049,5,2098.0,1.0,2,1984,132790.75
1854,1061,7,2115.0,2.0,1,1990,157180.06
1855,1338,6,1858.0,2.0,1,1983,148093.7
1856,1879,7,2958.0,2.0,2,1993,223339.36
1857,2016,5,2016.0,2.0,1,1880,151187.11
1858,2228,5,2228.0,2.0,2,1979,152092.27
1859,1535,5,1535.0,2.0,2,1979,119793.22
1860,1229,5,2323.0,2.0,0,1979,157954.98
1861,1513,5,1513.0,2.0,2,1979,119793.22
1862,2787,7,3955.0,4.0,4,2000,265038.0
1863,2787,7,3955.0,4.0,4,2000,254310.36
1864,2787,7,3955.0,4.0,4,2000,254310.36
1865,1680,9,3235.0,3.0,1,2009,335972.38
1866,1720,9,3440.0,3.0,2,2008,328138.2
1867,1468,8,2936.0,3.0,2,2008,245090.0
1868,1838,8,3676.0,2.0,2,2007,327859.56
1869,1290,7,2572.0,2.0,2,2007,201868.06
1870,1254,8,2508.0,3.0,2,2008,242704.53
1871,1498,8,2996.0,3.0,2,2005,252642.42
1872,1422,6,2126.0,2.0,2,2005,169910.16
1873,1759,7,3208.0,2.0,2,1992,236092.97
1874,990,5,1980.0,1.0,1,1994,140109.1
1875,1463,7,2926.0,2.0,2,1998,208431.9
1876,1772,6,2700.0,2.0,2,1998,204490.4
1877,1444,7,2875.0,2.0,2,2002,210176.78
1878,1492,7,2984.0,2.0,2,2001,208779.22
1879,907,5,1814.0,1.0,1,1978,129841.24
1880,914,5,1828.0,2.0,1,1979,141160.39
1881,1611,7,3180.0,3.0,2,2002,227796.34
1882,2184,8,3252.0,2.0,2,2003,256841.45
1883,1725,7,2565.0,2.0,2,2002,195694.78
1884,1870,7,2814.0,2.0,2,2001,203491.2
1885,1513,8,2975.0,2.0,2,1999,250559.55
1886,1828,8,3650.0,2.0,2,2002,324963.7
1887,1417,7,2834.0,2.0,2,1997,209672.8
1888,1602,8,3180.0,3.0,2,2007,266966.34
1889,1396,6,2004.0,2.0,2,2007,162489.02
1890,1149,4,2163.0,1.0,1,1960,130718.37
1891,1072,6,1619.0,2.0,1,2005,142564.05
1892,876,4,1752.0,1.0,1,1959,103100.3
1893,1368,5,2446.0,1.0,1,1950,138652.4
1894,1678,5,3356.0,0.0,2,1959,118824.21
1895,1560,5,2710.0,1.0,1,1956,141042.58
1896,1298,5,2018.0,1.0,1,1941,122164.12
1897,1268,5,2100.0,1.0,1,1938,113489.11
1898,1242,6,1825.0,1.0,1,1935,112286.89
1899,1232,6,2048.0,2.0,1,1916,141028.95
1900,1228,7,1828.0,1.0,1,1918,131689.8
1901,1567,5,2407.0,2.0,1,1940,165196.16
1902,1273,5,2546.0,1.0,1,1960,150893.02
1903,2480,7,3400.0,2.0,2,1940,205951.58
1904,1112,5,2224.0,1.0,1,1954,136670.22
1905,1561,6,3122.0,2.0,2,1960,183003.53
1906,1523,5,2590.0,1.0,2,1949,171400.69
1907,1906,6,3216.0,2.0,1,1954,197801.75
1908,1032,6,1548.0,2.0,1,1980,124612.6
1909,1229,6,1790.0,2.0,1,1980,131524.89
1910,1229,6,1790.0,2.0,1,1980,124652.805
1911,1982,6,2554.0,2.0,2,1986,210198.86
1912,2365,7,4168.0,2.0,2,1971,272831.84
1913,2168,5,2616.0,2.0,2,1900,145772.45
1914,572,4,1144.0,1.0,1,1925,78945.73
1915,1648,8,3244.0,2.0,2,2007,324528.75
1916,810,2,810.0,1.0,1,1910,78583.71
1917,2052,8,3159.0,3.0,2,2000,253370.17
1918,926,6,1828.0,1.0,1,1977,134056.06
1919,1287,6,2244.0,2.0,1,1977,173708.89
1920,1595,5,3177.0,2.0,2,1991,152730.58
1921,2036,9,4226.0,3.0,2,2008,408454.5
1922,1641,9,3282.0,3.0,2,2008,327579.28
1923,2237,6,2949.0,2.0,2,1980,212239.6
1924,1479,7,3124.0,2.0,2,1987,233056.14
1925,2014,7,2926.0,2.0,2,2003,208154.81
1926,1978,9,3956.0,3.0,2,2007,400619.84
1927,1008,5,2016.0,1.0,1,1968,132908.12
1928,1404,5,2592.0,2.0,2,1969,159954.83
1929,796,5,1592.0,1.0,1,1972,133484.5
1930,1091,6,1475.0,1.0,1,1993,147474.2
1931,883,5,1711.0,2.0,1,1992,142975.22
1932,1287,5,1911.0,2.0,1,1992,148942.61
1933,1632,5,2416.0,2.0,1,1969,181033.56
1934,1604,6,2530.0,2.0,2,1997,184690.86
1935,1470,6,2150.0,2.0,2,1995,177431.7
1936,1604,6,2530.0,2.0,2,1998,188473.9
1937,1636,6,2552.0,2.0,2,1996,190726.5
1938,1384,5,2732.0,2.0,2,1996,178178.45
1939,1682,8,3346.0,2.0,1,1997,263955.8
1940,1280,8,2560.0,2.0,2,1992,199609.52
1941,1633,6,2565.0,2.0,2,1998,180607.38
1942,1709,6,2545.0,2.0,2,1991,194118.3
1943,1337,8,2674.0,2.0,2,1989,201039.64
1944,2500,8,3668.0,3.0,3,2005,313686.16
1945,1884,9,3768.0,3.0,2,2004,373402.75
1946,1474,6,3106.0,2.0,1,1952,146878.47
1947,1710,9,3420.0,2.0,2,2007,343689.12
1948,1488,6,2976.0,2.0,2,1950,180192.8
1949,1688,7,3363.0,2.0,2,1988,240960.81
1950,1260,7,2520.0,2.0,2,1983,180125.28
1951,2064,7,4112.0,2.0,2,1978,264211.94
1952,1782,7,3564.0,2.0,2,1979,222810.86
1953,1211,6,2422.0,2.0,2,1976,161629.72
1954,2044,7,2782.0,2.0,2,1980,186224.72
1955,1308,5,2028.0,2.0,1,1969,135974.47
1956,2840,7,4260.0,4.0,2,1978,270167.34
1957,1444,6,2888.0,2.0,2,1976,158517.23
1958,2340,8,3576.0,3.0,2,1996,309095.5
1959,1792,5,2688.0,2.0,2,1974,141613.25
1960,936,4,1872.0,1.0,1,1969,110397.36
1961,864,5,1728.0,2.0,1,1971,114646.695
1962,987,6,1470.0,1.0,1,1973,100643.5
1963,987,6,1470.0,1.0,1,1972,101369.07
1964,1302,5,1932.0,1.0,2,1972,109425.164
1965,1456,6,2311.0,2.0,2,1975,145046.19
1966,1055,7,2110.0,2.0,2,1977,142541.75
1967,1582,8,3164.0,3.0,2,2007,307570.78
1968,2464,8,4882.0,3.0,2,2007,420979.62
1969,1950,9,3900.0,3.0,2,2007,387196.28
1970,2748,9,4598.0,3.0,2,2006,445832.53
1971,2790,10,4410.0,4.0,2,2005,496332.5
1972,2331,9,3745.0,3.0,2,2005,365719.4
1973,2088,8,3036.0,3.0,2,2007,262645.12
1974,2332,8,3480.0,3.0,2,2004,322380.84
1975,2470,10,5005.0,3.0,1,2003,473688.12
1976,1575,8,3178.0,3.0,2,2003,264947.34
1977,2649,8,4128.0,3.0,2,2001,336377.47
1978,2690,8,4455.0,3.0,2,2003,426737.7
1979,1866,9,3724.0,3.0,2,2008,301595.94
1980,1367,7,2734.0,2.0,2,2005,189301.55
1981,1800,9,3600.0,3.0,2,2007,325365.97
1982,1342,8,2684.0,2.0,2,2006,227476.1
1983,1342,8,2684.0,2.0,2,2006,207382.3
1984,1626,7,2390.0,2.0,2,2003,168175.27
1985,1455,7,2870.0,3.0,2,2003,208478.8
1986,1576,7,2969.0,3.0,2,2004,202020.58
1987,1246,7,2392.0,2.0,2,2007,175395.08
1988,1515,6,2304.0,2.0,2,2004,175526.94
1989,1720,7,2560.0,2.0,2,2002,193545.05
1990,1986,7,2833.0,2.0,2,2003,213658.92
1991,1358,7,2708.0,2.0,2,2007,233629.6
1992,1892,7,2874.0,2.0,2,2000,220253.94
1993,1414,7,2121.0,2.0,2,2002,164700.6
1994,2322,7,3359.0,2.0,2,1999,238274.2
1995,1651,7,2482.0,2.0,2,1999,184488.64
1996,2199,8,3372.0,2.0,2,1997,252180.94
1997,2172,9,3691.0,3.0,2,2000,307006.56
1998,2006,8,3988.0,3.0,2,1998,323387.2
1999,2125,7,3189.0,2.0,2,1996,244508.16
2000,2501,8,3743.0,3.0,2,1995,296376.4
2001,2197,7,3277.0,3.0,2,1993,251322.56
2002,1578,7,3156.0,3.0,2,2006,220423.1
2003,1861,8,3202.0,3.0,3,2007,253510.66
2004,1874,8,2829.0,3.0,2,2007,277863.4
2005,1460,8,2920.0,2.0,2,2006,233612.08
2006,1372,8,2735.0,2.0,2,2007,247801.06
2007,1660,8,3320.0,3.0,2,2007,243861.88
2008,1218,7,2436.0,2.0,2,2007,210006.73
2009,1696,6,2531.0,2.0,2,2003,192887.94
2010,1663,7,2498.0,2.0,2,2003,190360.45
2011,1175,6,2350.0,0.0,1,2005,154311.16
2012,1162,7,2324.0,2.0,2,2007,175803.95
2013,1609,6,2363.0,2.0,2,1995,179859.81
2014,1680,6,2566.0,2.0,2,1993,189885.83
2015,1657,7,2489.0,2.0,2,1994,202382.78
2016,1677,6,2504.0,2.0,2,2001,192401.94
2017,1737,7,2573.0,2.0,2,1992,202771.69
2018,984,5,1968.0,1.0,1,1963,125670.2
2019,864,5,1728.0,1.0,1,1961,131765.77
2020,890,5,1780.0,1.0,1,1968,107769.414
2021,864,5,1728.0,1.0,1,1963,107599.23
2022,1430,6,2860.0,2.0,2,1974,177614.12
2023,1641,5,2642.0,2.0,2,1972,153365.95
2024,2683,6,3613.0,2.0,2,1990,242490.6
2025,2786,9,4634.0,2.0,2,1993,391602.03
2026,1245,7,2480.0,2.0,2,2004,177338.1
2027,1200,6,1800.0,2.0,2,2005,157759.06
2028,1392,7,2081.0,2.0,2,2007,148267.62
2029,1549,6,2293.0,2.0,2,1999,171389.42
2030,1638,9,3252.0,2.0,2,2000,275707.28
2031,1310,9,2620.0,2.0,1,2001,213386.25
2032,1419,9,2838.0,2.0,1,2001,270242.4
2033,1557,9,3114.0,2.0,2,1999,263295.06
2034,1404,7,2076.0,2.0,2,1999,163425.64
2035,1789,7,2647.0,2.0,2,2001,217093.25
2036,1586,8,2546.0,2.0,2,1999,191733.84
2037,1607,8,2567.0,2.0,2,1999,196060.75
2038,2393,10,3363.0,2.0,2,1998,251098.11
2039,1239,8,2469.0,2.0,1,1995,221676.02
2040,2944,9,3938.0,3.0,2,1977,347131.6
2041,1671,8,3097.0,2.0,3,1976,261936.36
2042,1812,7,2764.0,2.0,2,2002,199550.83
2043,1427,6,2854.0,2.0,2,1969,168717.62
2044,1740,6,3480.0,2.0,1,1968,177585.45
2045,1620,7,3240.0,2.0,2,1967,218788.47
2046,1625,5,3250.0,2.0,2,1965,124672.23
2047,1464,5,2196.0,2.0,1,1968,150985.33
2048,925,5,1837.0,2.0,1,1965,139194.34
2049,1728,5,3456.0,2.0,2,1965,122562.57
2050,1670,7,2495.0,2.0,1,1971,181573.75
2051,1014,5,1014.0,1.0,1,1956,111370.03
2052,1114,5,2228.0,2.0,1,1961,135208.61
2053,1118,5,2236.0,1.0,1,1960,147229.06
2054,906,4,1254.0,1.0,1,1937,91509.625
2055,1496,5,2792.0,2.0,2,1960,147196.27
2056,1337,5,1909.0,1.0,1,1950,136583.84
2057,1036,5,2072.0,1.0,1,1953,118951.484
2058,1988,6,3092.0,2.0,2,1966,220842.14
2059,1176,5,2352.0,1.0,1,1957,140146.19
2060,1440,5,2688.0,1.0,2,1959,164336.19
2061,1570,6,2965.0,2.0,1,1958,170494.64
2062,1104,5,2208.0,1.0,1,1956,131994.02
2063,882,5,1602.0,1.0,1,1952,114490.32
2064,1152,5,2304.0,2.0,1,1953,138516.34
2065,950,5,1934.0,2.0,1,1953,118944.945
2066,1790,6,2788.0,2.0,2,1957,166475.39
2067,1764,5,1764.0,1.0,2,1957,109090.16
2068,1824,5,3648.0,2.0,2,1957,127345.51
2069,869,4,869.0,1.0,1,1948,87765.1
2070,1159,5,1906.0,1.0,1,1925,119142.88
2071,672,4,1344.0,1.0,1,1940,94143.914
2072,1436,5,2328.0,4.0,1,1922,130989.9
2073,1044,5,1956.0,2.0,1,1968,139720.17
2074,1312,7,2624.0,2.0,1,1958,194715.42
2075,1081,6,2162.0,1.0,1,1960,143686.03
2076,876,5,1752.0,2.0,1,1951,119874.984
2077,1256,5,2512.0,1.0,1,1959,147624.75
2078,1027,5,2054.0,1.0,1,1962,125331.875
2079,1320,6,2088.0,2.0,2,1948,130598.72
2080,984,6,1920.0,1.0,1,1954,118047.7
2081,1278,6,2132.0,1.0,1,1954,123750.94
2082,1800,5,3600.0,0.0,2,1961,134939.19
2083,1588,5,2356.0,2.0,1,1955,137992.44
2084,825,5,1650.0,1.0,1,1954,111020.52
2085,1117,5,2234.0,1.0,1,1963,124932.34
2086,1133,6,1325.0,1.0,1,2008,117847.44
2087,1323,5,2103.0,2.0,1,1948,125632.67
2088,1360,5,2040.0,1.0,1,1910,96517.2
2089,672,5,1344.0,1.0,1,1940,88234.61
2090,1456,6,2184.0,1.0,1,1915,128398.234
2091,1594,4,2314.0,0.0,2,1910,128459.305
2092,1656,4,2457.0,2.0,2,1940,122486.11
2093,1740,5,2676.0,1.0,1,1920,126275.125
2094,1027,7,1958.0,0.0,1,1920,105363.44
2095,1436,6,2320.0,2.0,2,1940,143302.05
2096,899,5,1380.0,1.0,1,1910,81347.85
2097,1080,5,1764.0,0.0,1,1890,99643.43
2098,1499,5,2403.0,3.0,1,1946,142455.23
2099,407,2,814.0,1.0,1,1946,56703.71
2100,1588,3,2036.0,0.0,2,1949,108400.8
2101,1627,5,2424.0,2.0,2,1900,122918.3
2102,1450,7,2074.0,1.0,1,1920,123662.766
2103,1017,5,1363.0,1.0,1,1900,107255.03
2104,2350,5,3323.0,2.0,2,1920,122433.914
2105,1540,5,2112.0,0.0,1,1905,128064.27
2106,1086,2,1809.0,2.0,1,1920,89063.59
2107,2495,7,3808.0,2.0,2,1890,247363.19
2108,984,5,1968.0,1.0,1,1959,122875.35
2109,1093,4,1962.0,1.0,1,1958,118085.1
2110,1143,5,2151.0,1.0,1,1928,134028.3
2111,1668,7,2340.0,1.0,1,1945,144756.84
2112,1738,5,2762.0,1.0,2,1935,149198.9
2113,1210,5,1882.0,1.0,1,1941,125948.98
2114,1290,6,1844.0,1.0,1,1900,111291.58
2115,1672,6,2653.0,1.0,1,1940,159711.8
2116,949,5,1898.0,2.0,1,1924,123970.99
2117,1497,6,2322.0,1.0,2,1937,152425.42
2118,1342,6,2081.0,1.0,2,1939,120345.49
2119,1013,6,2005.0,1.0,1,1926,109524.6
2120,1216,5,1781.0,1.0,1,1920,119779.41
2121,896,4,1885.5,1.0,1,1946,109928.87
2122,1136,4,1840.0,1.0,1,1929,114363.67
2123,808,5,808.0,1.0,1,1945,81808.09
2124,2009,7,2998.0,2.0,2,1939,179553.77
2125,1902,5,3002.0,2.0,2,1923,125521.06
2126,1716,6,2526.0,2.0,2,1915,154419.73
2127,1984,6,3226.0,1.0,2,1910,163929.84
2128,1609,6,2405.0,1.0,1,1910,129446.95
2129,768,6,1536.0,2.0,1,1930,108236.67
2130,1536,6,2304.0,1.0,1,1952,138185.0
2131,1969,6,2544.0,2.0,2,1938,143579.69
2132,1308,5,2188.0,2.0,2,1915,119656.45
2133,1040,6,2080.0,2.0,1,1925,125272.88
2134,1236,6,2004.0,1.0,2,1925,122262.95
2135,759,5,1210.0,2.0,1,1912,108500.93
2136,1344,3,1880.0,0.0,2,1915,105676.766
2137,1054,5,2100.0,1.0,1,1947,120639.01
2138,1075,5,2056.0,2.0,1,1963,139635.97
2139,1096,6,2104.0,2.0,1,1978,151472.2
2140,992,5,1984.0,1.0,1,1967,139368.58
2141,1034,6,1484.0,2.0,1,1978,151114.67
2142,1073,5,2146.0,1.0,1,1967,131530.05
2143,1126,5,2186.0,2.0,1,1984,141520.73
2144,1140,5,2440.0,2.0,1,1920,121195.91
2145,960,5,1920.0,1.0,1,1963,136562.23
2146,1188,6,2176.0,2.0,1,1956,159545.1
2147,1721,5,2709.0,2.0,2,1960,143263.16
2148,1350,5,1926.0,3.0,1,1941,130043.03
2149,904,5,1768.0,3.0,1,1970,143961.36
2150,1524,7,3048.0,2.0,2,1979,219300.88
2151,1079,7,1649.0,1.0,1,1948,104917.67
2152,1518,5,3098.0,0.0,1,1940,211997.52
2153,1509,5,3018.0,1.0,1,1956,168113.86
2154,864,5,1728.0,0.0,1,1975,112363.055
2155,1269,6,1890.0,1.0,1,1962,134683.5
2156,2814,6,3891.0,2.0,2,1995,277042.28
2157,1626,7,3228.0,2.0,2,1994,222399.97
2158,2200,7,3012.0,2.0,2,1993,242919.31
2159,2037,7,2709.0,2.0,2,1996,206334.42
2160,1356,7,1984.0,2.0,2,2007,166939.81
2161,1615,8,3230.0,3.0,2,2007,250685.58
2162,2276,9,4547.0,3.0,2,2008,399149.03
2163,1766,9,3517.0,3.0,2,2008,336717.0
2164,1511,8,2912.0,3.0,2,1995,237516.73
2165,1643,6,2825.0,2.0,2,1966,201998.75
2166,990,5,1980.0,2.0,1,1994,144143.44
2167,1418,7,2836.0,2.0,2,1997,217462.14
2168,1771,6,2635.0,2.0,2,1997,208727.97
2169,1652,7,2434.0,2.0,2,2000,198312.16
2170,1823,7,2751.0,2.0,2,2000,220673.39
2171,1174,5,2038.0,2.0,1,1978,153701.45
2172,1076,5,2152.0,2.0,1,1975,139720.61
2173,1558,5,2422.0,2.0,2,1975,159343.16
2174,2161,7,3418.0,2.0,2,2001,231101.98
2175,1947,9,3304.0,3.0,2,2001,289736.25
2176,1786,8,3564.0,3.0,2,2002,349015.75
2177,2327,7,3456.0,2.0,2,2003,255036.83
2178,1764,8,2614.0,2.0,2,1999,208818.53
2179,848,6,1696.0,2.0,1,2004,140878.38
2180,1838,6,3676.0,3.0,2,1997,221055.9
2181,1445,7,2890.0,2.0,2,2004,189678.39
2182,1564,7,3128.0,3.0,2,2007,218205.92
2183,1361,7,2712.0,2.0,2,2007,194754.42
2184,1092,5,2184.0,1.0,1,1966,130466.76
2185,1033,5,1489.0,2.0,1,1976,139754.31
2186,1127,6,2254.0,2.0,1,1976,150580.33
2187,1117,6,2146.0,2.0,1,1977,155689.92
2188,1398,6,2082.0,2.0,1,1976,165593.38
2189,3820,5,3820.0,2.0,3,1959,223796.95
2190,1152,4,1152.0,0.0,2,1955,80010.87
2191,1152,4,1152.0,0.0,2,1955,78622.69
2192,784,4,1568.0,0.0,1,1955,85290.58
2193,1053,5,1638.0,0.0,1,1938,114113.195
2194,1137,5,1137.0,0.0,1,1947,96690.695
2195,930,4,1841.0,1.0,1,1953,112208.055
2196,1204,4,1620.0,1.0,1,1954,100909.37
2197,1292,4,2241.0,1.0,1,1923,119124.98
2198,1424,7,2652.0,1.0,2,1921,169035.84
2199,1920,6,2880.0,2.0,2,1930,177030.38
2200,1316,6,1960.0,1.0,1,1926,136579.64
2201,1264,6,1940.0,2.0,1,1914,132700.12
2202,1512,8,2310.0,1.0,2,1925,198430.73
2203,1603,6,2387.0,2.0,1,1923,144555.52
2204,1938,5,2880.0,1.0,2,1937,166337.28
2205,1374,5,2258.0,1.0,1,1938,111380.52
2206,1091,6,2182.0,1.0,1,1951,140024.75
2207,1873,8,2481.0,2.0,1,1935,191082.3
2208,2161,7,2993.0,2.0,2,1950,227725.36
2209,1898,5,3796.0,2.0,2,1956,224559.11
2210,1032,6,1548.0,2.0,1,1980,126728.86
2211,919,6,1813.0,1.0,1,1926,116810.19
2212,1090,6,1810.0,1.0,1,1940,118211.266
2213,1200,5,1980.0,0.0,1,1930,111333.64
2214,1656,5,2280.0,1.0,1,1967,135073.06
2215,912,5,1432.0,1.0,1,1930,112524.46
2216,1955,5,3106.0,1.0,2,1958,147600.83
2217,733,1,733.0,2.0,1,1952,90894.555
2218,1361,4,1534.0,1.0,1,1895,84441.01
2219,1049,4,1405.0,1.0,1,1910,74204.35
2220,864,4,1456.0,1.0,1,1920,89224.67
2221,1648,8,3244.0,2.0,2,2007,331337.6
2222,1646,7,3240.0,2.0,2,2004,227597.42
2223,2032,7,3872.0,3.0,3,1996,293190.56
2224,1820,7,2730.0,3.0,2,1996,205903.62
2225,1872,5,1872.0,2.0,2,1976,137497.75
2226,1689,4,3369.0,2.0,2,1991,177919.34
2227,1501,7,2778.0,2.0,2,1986,211059.42
2228,1537,8,3055.0,3.0,2,2006,289157.2
2229,1780,8,2700.0,2.0,2,2007,244535.73
2230,1442,5,1794.0,2.0,2,2006,167284.56
2231,1612,7,2408.0,3.0,2,2008,217203.6
2232,1495,6,2990.0,2.0,2,1989,178410.61
2233,1256,6,2512.0,2.0,2,1986,177189.22
2234,1440,8,2872.0,2.0,2,2003,259633.69
2235,1675,6,3341.0,2.0,2,1999,216525.34
2236,1728,8,3612.0,2.0,2,2007,284615.66
2237,1964,8,3928.0,3.0,2,2005,386181.97
2238,1344,7,2688.0,4.0,2,1997,202701.52
2239,1092,5,2184.0,0.0,1,2007,106746.06
2240,1189,6,2378.0,2.0,2,1997,163658.19
2241,1200,4,2400.0,3.0,1,1964,163808.42
2242,1040,5,2080.0,2.0,1,1975,140601.66
2243,1475,5,2025.0,1.0,2,1976,123910.27
2244,988,4,1514.0,1.0,1,1973,101199.41
2245,988,4,1450.0,1.0,1,1973,97131.195
2246,1160,5,2273.0,1.0,1,1968,143635.31
2247,1092,6,1638.0,0.0,2,1970,108639.625
2248,816,5,1632.0,1.0,1,1983,118469.45
2249,845,5,1690.0,1.0,1,1982,123679.164
2250,889,5,1753.0,2.0,1,1984,142950.2
2251,1836,5,2522.0,1.0,2,1900,130894.414
2252,1587,6,3174.0,2.0,2,1971,177205.98
2253,1384,6,1768.0,2.0,2,1997,159781.73
2254,1694,6,2086.0,2.0,2,1994,178804.44
2255,1714,6,2637.0,2.0,2,1999,189638.88
2256,1553,7,2244.0,2.0,2,1996,179041.9
2257,2299,6,3237.0,2.0,3,1999,192836.28
2258,1187,7,2355.0,2.0,2,1992,171195.9
2259,1642,6,2545.0,2.0,2,1993,181996.47
2260,1128,6,2430.0,2.0,1,1964,157556.81
2261,1179,8,2345.0,2.0,2,1988,181836.42
2262,1321,8,2633.0,2.0,1,1990,207297.14
2263,2541,8,3690.0,3.0,3,2005,337563.44
2264,2338,9,4998.0,3.0,2,2006,486071.03
2265,1424,5,2524.0,3.0,1,1969,157350.98
2266,1612,9,3224.0,2.0,2,2006,299424.0
2267,2234,8,4454.0,2.0,1,2006,383401.12
2268,2042,10,3784.0,3.0,2,2006,377437.5
2269,1284,6,2568.0,2.0,2,1984,156523.88
2270,1479,7,2204.0,2.0,2,1981,181385.8
2271,1664,7,3193.0,2.0,2,1978,220691.45
2272,1930,7,2710.0,2.0,2,1979,204204.42
2273,1177,6,2330.0,2.0,2,1984,169164.97
2274,1353,6,2612.0,2.0,2,1979,175932.19
2275,1220,6,2845.0,2.0,2,1971,168254.47
2276,1324,7,2552.0,2.0,2,1976,185001.58
2277,1877,6,2961.0,2.0,2,1974,177439.64
2278,1422,5,2347.0,2.0,1,1970,144459.77
2279,914,5,1828.0,1.0,1,1970,129030.11
2280,914,4,1828.0,1.0,1,1961,117296.27
2281,1337,6,2674.0,2.0,2,2001,179656.8
2282,1337,6,2742.0,2.0,2,1997,193527.45
2283,1092,6,1617.0,1.0,1,1973,101003.93
2284,1218,6,1890.0,1.0,1,1973,108094.81
2285,1055,7,2116.0,1.0,2,1978,137805.03
2286,988,5,1976.0,1.0,1,1966,127921.65
2287,1816,9,3606.0,3.0,2,2006,351702.47
2288,1694,8,3388.0,3.0,2,2006,286296.7
2289,2122,8,4230.0,3.0,2,2007,377611.66
2290,2656,9,4590.0,3.0,2,2007,455458.6
2291,2550,8,3658.0,3.0,2,2006,307072.06
2292,2046,10,4040.0,3.0,2,2005,418552.3
2293,2552,9,5104.0,3.0,2,2007,434963.25
2294,2758,9,4462.0,3.0,2,2005,360108.88
2295,2290,10,4610.0,3.0,2,2007,444090.03
2296,2152,8,3734.0,2.0,2,2007,258923.45
2297,2100,8,3018.0,3.0,2,2007,326293.47
2298,1802,9,3604.0,3.0,2,2006,272500.9
2299,2956,8,4662.0,3.0,2,2004,428511.88
2300,2385,8,3702.0,3.0,2,2003,337634.97
2301,1818,8,2713.0,3.0,2,2007,276387.16
2302,1614,7,3228.0,3.0,2,2005,228673.06
2303,1721,8,3442.0,2.0,2,2005,240580.23
2304,1828,8,3126.0,3.0,2,2006,253097.19
2305,1302,6,2604.0,2.0,1,2005,187811.89
2306,1302,6,2604.0,2.0,1,2005,188915.2
2307,1362,6,2724.0,2.0,2,2005,193883.89
2308,1554,8,3108.0,2.0,2,2006,218511.38
2309,1577,9,3154.0,2.0,2,2005,282675.16
2310,1324,8,2648.0,2.0,2,2006,200360.27
2311,1405,7,2810.0,2.0,2,2003,193628.86
2312,1496,6,2264.0,2.0,3,2007,173110.02
2313,1536,6,2304.0,2.0,2,2005,173572.66
2314,1458,7,2066.0,2.0,2,2006,166413.1
2315,1495,6,2233.0,2.0,2,2006,171302.05
2316,1746,6,2444.0,3.0,2,2006,173422.64
2317,1326,6,2652.0,2.0,2,2005,191988.31
2318,1504,6,2256.0,2.0,2,2007,177924.92
2319,1456,7,2184.0,2.0,2,2007,172561.34
2320,1258,7,2504.0,2.0,2,2007,179814.69
2321,1589,8,2995.0,3.0,2,2003,245862.16
2322,1266,7,2532.0,2.0,2,2007,168059.52
2323,1119,7,1954.0,2.0,2,2004,168172.58
2324,1374,7,1758.0,2.0,2,2004,168949.89
2325,1525,7,3035.0,2.0,2,2006,215693.56
2326,1394,7,1778.0,2.0,2,2003,164993.16
2327,1948,7,2795.0,2.0,2,2003,203276.58
2328,1995,7,2849.0,2.0,2,2002,226026.53
2329,1690,6,2605.0,2.0,2,2000,187860.94
2330,1644,6,2585.0,2.0,2,1999,182477.47
2331,2551,8,4330.0,3.0,2,1997,435054.25
2332,3078,9,4486.0,3.0,2,1998,437750.4
2333,2582,8,3971.0,3.0,2,1998,351139.5
2334,2385,7,3451.0,3.0,2,1998,248634.28
2335,2202,8,3307.0,2.0,2,1992,284807.34
2336,2538,8,3863.0,3.0,2,1996,363053.8
2337,1369,7,2738.0,2.0,2,2007,216324.25
2338,1542,8,3084.0,3.0,2,2007,292296.0
2339,1534,8,3058.0,2.0,2,2006,232887.38
2340,1966,10,3932.0,3.0,2,2007,397006.25
2341,1528,7,3056.0,2.0,3,2007,218217.88
2342,1538,8,3076.0,2.0,2,2005,248980.56
2343,1506,7,3000.0,2.0,2,2005,223061.61
2344,1977,7,2959.0,3.0,2,2006,226714.75
2345,1830,8,3132.0,3.0,2,2006,249020.75
2346,1338,8,2676.0,2.0,2,2007,218525.72
2347,1335,7,2670.0,2.0,2,2006,196897.7
2348,1792,8,2688.0,2.0,2,2007,240790.42
2349,1588,5,2313.0,2.0,3,2007,173895.81
2350,1880,8,2835.0,3.0,2,2007,287762.34
2351,1584,8,3158.0,2.0,2,2007,266533.3
2352,1685,8,3370.0,3.0,2,2006,239482.22
2353,2443,6,3601.0,3.0,2,2004,244242.48
2354,1100,6,2200.0,0.0,1,2006,129615.375
2355,1143,7,2286.0,0.0,1,2006,135654.62
2356,1094,5,2188.0,2.0,1,2003,148480.95
2357,1486,7,2947.0,2.0,2,2006,196237.48
2358,1820,6,2684.0,2.0,2,1993,197221.6
2359,1266,6,1896.0,1.0,1,1980,129616.03
2360,894,5,1788.0,1.0,1,1977,118504.93
2361,1040,5,2080.0,2.0,1,1968,138876.58
2362,2503,7,3726.0,2.0,2,1990,292009.1
2363,1037,5,2074.0,2.0,1,1974,142692.75
2364,1055,6,2099.0,2.0,1,1973,153449.08
2365,1378,8,2756.0,2.0,2,2004,230338.72
2366,1151,8,2292.0,2.0,2,2006,187286.86
2367,1565,8,3076.0,2.0,2,2006,215266.56
2368,1352,7,2704.0,2.0,2,2006,206200.02
2369,1550,8,3100.0,2.0,2,2006,225469.19
2370,1501,6,2245.0,2.0,2,1999,168766.56
2371,1573,6,2329.0,2.0,2,2000,168961.92
2372,1358,7,2697.0,2.0,2,1999,189142.97
2373,2048,8,3102.0,2.0,2,2003,292921.84
2374,2362,8,3582.0,2.0,2,1998,313048.28
2375,1494,8,2988.0,2.0,1,1994,251520.45
2376,2362,7,4364.0,2.0,2,1980,260987.8
2377,2497,8,4958.0,2.0,2,1981,346656.28
2378,1152,6,2064.0,2.0,1,1968,147896.06
2379,2411,6,3419.0,2.0,2,1970,184569.1
2380,1082,6,2055.0,2.0,1,1969,146112.62
2381,1295,6,2590.0,2.0,1,1968,169260.34
2382,1610,7,2734.0,2.0,2,1972,198461.28
2383,1594,7,3188.0,2.0,2,1993,213143.03
2384,2075,7,3223.0,2.0,2,1993,229043.3
2385,1093,6,2186.0,2.0,2,1966,155418.52
2386,1052,6,2104.0,1.0,1,1963,140047.92
2387,1107,5,2056.0,1.0,1,1967,135839.05
2388,1224,4,1224.0,3.0,2,1964,94749.84
2389,1074,5,1968.0,2.0,1,1956,127544.95
2390,1187,5,2051.0,2.0,1,1961,142662.55
2391,964,5,1928.0,2.0,1,1961,142052.47
2392,894,5,1788.0,1.0,1,1960,118915.734
2393,1200,7,2374.0,2.0,2,1966,155072.97
2394,1042,6,2084.0,2.0,2,1965,148847.55
2395,2154,6,2999.0,2.0,2,1964,195555.77
2396,1374,6,2504.0,1.0,1,1964,150603.16
2397,1652,6,3244.0,2.0,1,1959,226444.8
2398,908,5,1730.0,2.0,1,1940,130899.47
2399,666,3,1332.0,0.0,1,1946,58709.8
2400,670,3,1040.0,0.0,1,1945,56738.184
2401,808,5,1616.0,1.0,1,1958,119887.13
2402,1150,5,2228.0,1.0,1,1955,136485.55
2403,1560,5,3120.0,3.0,2,1968,130890.8
2404,1280,5,2073.0,2.0,2,1966,156652.88
2405,1254,6,2472.0,2.0,1,1961,166591.25
2406,936,6,1872.0,1.0,1,1957,139463.27
2407,1008,5,2016.0,1.0,1,1956,128552.19
2408,1053,5,2106.0,2.0,1,1963,139312.4
2409,1144,5,2288.0,1.0,1,1960,130425.74
2410,1721,6,3052.0,2.0,1,1957,169162.17
2411,922,5,1844.0,1.0,1,1957,118611.91
2412,1411,5,2615.0,1.0,1,1955,161915.75
2413,1216,5,2432.0,1.0,1,1955,130545.01
2414,1154,5,2018.0,1.0,1,1953,135546.44
2415,1560,5,3120.0,2.0,2,1958,123149.27
2416,948,6,1896.0,2.0,1,1952,129346.28
2417,1040,6,2080.0,1.0,1,1953,131594.9
2418,925,5,1850.0,1.0,1,1956,128948.95
2419,1540,4,2730.0,1.0,1,1955,124673.305
2420,925,5,1848.0,1.0,1,1955,124749.0
2421,1647,4,2752.0,1.0,1,1953,153007.95
2422,924,5,1848.0,1.0,1,1952,113146.72
2423,1544,4,2469.0,0.0,2,1890,138322.77
2424,1728,5,2432.0,1.0,1,1953,146212.92
2425,3086,5,3752.0,3.0,3,1935,228585.2
2426,1281,4,2432.0,2.0,2,1925,129906.55
2427,1534,5,2270.0,0.0,1,1895,142891.4
2428,1651,7,2376.0,1.0,2,1963,164613.1
2429,888,5,1808.0,1.0,1,1961,117035.586
2430,952,6,1904.0,1.0,1,1968,128212.37
2431,1238,5,2102.0,1.0,1,1950,105110.63
2432,1040,5,2080.0,1.0,1,1959,140631.61
2433,1170,5,2340.0,1.0,1,1958,146961.95
2434,1242,5,2484.0,1.0,1,1960,137066.88
2435,1377,5,2754.0,1.0,1,1960,146371.52
2436,925,5,925.0,1.0,1,1961,114890.42
2437,864,5,1728.0,1.0,1,1962,105459.73
2438,936,5,1832.0,1.0,1,1962,124502.83
2439,960,5,1810.0,2.0,1,1926,117694.21
2440,1296,6,2141.0,2.0,1,1927,122668.89
2441,1022,5,2044.0,1.0,1,1922,99615.4
2442,967,5,1934.0,1.0,1,1920,101916.42
2443,1072,5,1880.0,2.0,1,1940,128790.04
2444,1174,5,1854.0,2.0,1,1900,133440.97
2445,1141,4,1711.0,1.0,1,1900,88709.27
2446,1798,4,2873.0,2.0,2,1900,130224.05
2447,1772,8,2497.0,2.0,2,1910,172961.69
2448,1642,6,2370.0,1.0,1,1927,147234.3
2449,1232,5,1848.0,2.0,1,1910,120773.13
2450,1650,6,2576.0,2.0,2,1910,148090.48
2451,1358,5,2045.0,1.0,1,1930,123540.11
2452,2454,7,3273.0,2.0,2,1879,192362.12
2453,968,4,968.0,1.0,1,1956,101773.54
2454,1382,4,1382.0,1.0,2,1949,127087.336
2455,1060,5,1816.0,1.0,1,1925,114630.7
2456,1435,5,2345.0,1.0,1,1950,134277.3
2457,1274,5,2002.0,1.0,2,1939,118351.46
2458,1232,6,1832.0,1.0,1,1939,120147.92
2459,884,5,1768.0,1.0,1,1939,113810.2
2460,1409,6,2270.0,2.0,1,1938,134708.92
2461,1322,5,1994.0,1.0,1,1939,121740.414
2462,1426,5,2392.0,1.0,1,1930,143336.72
2463,1281,5,2037.0,2.0,1,1926,120621.91
2464,2264,6,3364.0,1.0,2,1918,181342.83
2465,1376,6,2144.0,2.0,1,1920,134876.77
2466,1316,5,2066.0,2.0,1,1926,110089.79
2467,1344,7,2016.0,2.0,1,1929,130238.57
2468,1173,5,1765.0,1.0,2,1901,91622.42
2469,1214,5,2183.0,1.0,1,1901,94914.234
2470,2294,6,3035.0,2.0,3,1963,175247.28
2471,1952,7,2928.0,1.0,1,1950,199569.66
2472,2180,6,3318.0,2.0,1,1915,165305.69
2473,1315,4,2123.0,2.0,2,1958,119575.59
2474,1484,4,2141.0,1.0,2,1910,100595.1
2475,2267,7,3272.0,2.0,1,1937,215517.27
2476,1282,5,1954.0,1.0,1,1942,115802.2
2477,999,5,1924.0,1.0,1,1963,132330.33
2478,1452,5,2872.0,2.0,1,1964,154950.89
2479,1005,4,2010.0,2.0,1,1964,95894.55
2480,1020,5,2000.0,2.0,2,1964,150330.94
2481,1040,5,2080.0,1.0,1,1966,142250.38
2482,868,5,1636.0,2.0,1,1971,124358.19
2483,897,5,1773.0,1.0,1,1968,114289.61
2484,943,5,1886.0,2.0,1,1967,123177.16
2485,912,5,1824.0,1.0,1,1966,122781.88
2486,1375,5,2615.0,1.0,1,1956,164442.62
2487,2654,5,3325.0,2.0,3,1920,175692.23
2488,1302,7,1982.0,1.0,1,1940,138646.83
2489,1299,6,2266.0,2.0,1,1954,145432.88
2490,1176,5,2334.0,1.0,1,1958,148309.7
2491,998,4,998.0,2.0,1,1945,87551.38
2492,1522,6,2712.0,2.0,2,1984,188294.64
2493,1325,5,1734.0,2.0,2,1948,143937.66
2494,1630,5,2703.0,2.0,2,1953,170579.95
2495,1242,4,1726.0,1.0,1,1946,96678.33
2496,2422,6,3710.0,2.0,3,1954,239400.9
2497,1626,6,2614.0,1.0,1,1954,152810.08
2498,864,5,1728.0,1.0,1,1958,106330.305
2499,943,4,943.0,1.0,1,1958,84546.63
2500,1038,5,2076.0,1.0,2,1984,123864.56
2501,1342,5,2684.0,1.0,1,1951,138898.78
2502,1480,5,2560.0,1.0,1,1951,151073.27
2503,1362,4,2313.0,1.0,2,1920,105893.4
2504,1822,6,2927.0,2.0,2,1984,186873.42
2505,1958,7,2737.0,2.0,2,1994,227670.34
2506,1651,8,3294.0,3.0,2,2007,258172.14
2507,2140,8,4280.0,3.0,2,2006,329102.0
2508,1651,8,3294.0,3.0,2,2007,257260.5
2509,1546,7,3092.0,3.0,2,2005,216023.28
2510,1500,8,2989.0,2.0,2,2006,231104.66
2511,1270,7,2540.0,2.0,2,2005,183049.8
2512,1795,7,2674.0,2.0,2,2005,205132.98
2513,1873,7,2802.0,2.0,2,1988,218241.5
2514,1743,8,2709.0,2.0,0,1976,213383.14
2515,1022,5,2044.0,2.0,1,1994,144977.44
2516,1308,6,1943.0,2.0,2,1997,171215.11
2517,990,5,1980.0,1.0,1,1994,141241.02
2518,1097,5,2194.0,1.0,1,1996,142136.11
2519,1873,7,2861.0,2.0,2,1999,218459.22
2520,1753,7,2606.0,2.0,2,1998,213259.67
2521,1690,7,2535.0,2.0,2,2001,185294.4
2522,1842,7,2827.0,2.0,2,2000,219865.66
2523,894,5,1758.0,2.0,1,1974,131884.31
2524,1025,5,2040.0,2.0,2,1976,139699.23
2525,1009,5,2004.0,2.0,2,1977,153303.23
2526,1040,5,2080.0,2.0,1,1977,139025.36
2527,907,5,1783.0,1.0,1,1977,127175.01
2528,879,5,1743.0,2.0,1,1975,130747.03
2529,864,5,1728.0,2.0,1,1972,133607.31
2530,875,4,1260.0,2.0,1,1972,121597.67
2531,1673,7,3346.0,2.0,2,2000,269210.06
2532,1932,7,2911.0,2.0,2,2003,226093.34
2533,1729,7,2589.0,2.0,2,2002,196083.5
2534,1592,8,3148.0,2.0,2,1994,240339.34
2535,2439,8,3970.0,2.0,2,2001,325187.53
2536,1992,7,2852.0,2.0,2,1996,216036.88
2537,1341,8,2682.0,2.0,1,1999,221594.88
2538,1476,7,2214.0,2.0,2,2007,180928.16
2539,1190,7,2359.0,2.0,2,2005,191213.27
2540,1330,6,2660.0,2.0,2,2006,184739.52
2541,1491,7,2229.0,2.0,2,2006,170945.3
2542,1536,5,2304.0,2.0,2,2005,168991.92
2543,936,5,1872.0,1.0,1,1967,136140.86
2544,1088,4,2176.0,2.0,1,1963,130452.01
2545,1351,5,2252.0,2.0,1,1925,134246.56
2546,1179,6,2358.0,2.0,1,1960,132847.0
2547,1044,6,2004.0,2.0,1,1976,145631.8
2548,2233,5,2233.0,2.0,2,1979,170970.67
2549,1408,5,2142.0,2.0,2,2005,166701.81
2550,5095,10,10190.0,3.0,2,2008,208160.5
2551,1072,6,1619.0,2.0,1,2005,144876.66
2552,960,5,1920.0,1.0,1,1959,123366.3
2553,1152,4,1152.0,0.0,2,1955,73815.06
2554,1195,5,2390.0,0.0,2,1946,115326.11
2555,865,6,1525.0,1.0,1,1920,133890.31
2556,768,4,1536.0,1.0,1,1955,94426.78
2557,864,4,1728.0,2.0,1,1955,118464.37
2558,2592,5,3888.0,0.0,2,1923,157292.34
2559,1422,5,2712.0,1.0,1,1926,131878.12
2560,1298,6,1949.0,1.0,2,1921,128171.0
2561,1098,7,1629.0,1.0,1,1930,122313.96
2562,1436,6,2021.0,1.0,1,1921,116259.78
2563,1461,6,2147.0,1.0,1,1926,146343.2
2564,1718,7,2569.0,2.0,2,1927,194488.39
2565,1226,5,1226.0,2.0,1,1951,131273.38
2566,1755,4,2685.0,1.0,2,1930,151260.8
2567,1355,5,2083.0,2.0,2,1941,115574.305
2568,1560,6,3120.0,2.0,1,1960,204754.34
2569,1488,6,2976.0,2.0,2,1968,206340.45
2570,1045,6,1561.0,2.0,1,1980,124279.73
2571,1680,4,3360.0,2.0,2,1995,183917.44
2572,1020,8,2024.0,2.0,1,1988,168990.28
2573,1696,7,3392.0,2.0,2,1971,220110.53
2574,2726,8,3005.0,2.0,2,1986,233542.52
2575,1215,6,1935.0,2.0,1,1940,132073.7
2576,1601,5,2537.0,0.0,2,1925,120694.086
2577,1828,5,2687.0,,2,1923,141132.45
2578,816,5,1632.0,1.0,1,1922,87423.04
2579,845,2,640.0,1.0,1,1939,80913.56
2580,1991,5,2948.0,0.0,2,1895,135756.89
2581,1073,4,2146.0,2.0,1,1957,135546.06
2582,1001,5,1838.0,1.0,1,1930,118061.65
2583,1625,8,3198.0,2.0,2,2006,282280.12
2584,1299,6,2300.0,2.0,2,1979,171625.67
2585,1392,5,2833.0,3.0,2,2002,182271.6
2586,1409,7,2818.0,2.0,1,2002,218467.58
2587,1478,7,2932.0,2.0,2,1991,202681.89
2588,918,7,1770.0,1.0,1,1975,133580.14
2589,1026,6,1996.0,2.0,1,1974,147419.55
2590,1501,7,3002.0,2.0,2,1987,215440.62
2591,2279,6,2864.0,2.0,2,1958,219524.27
2592,1689,7,3378.0,2.0,2,2006,226062.27
2593,1564,8,3110.0,2.0,2,2006,271897.47
2594,1240,7,2505.0,2.0,2,1985,172901.11
2595,1312,8,2579.0,2.0,2,2001,204203.66
2596,1922,8,3844.0,3.0,2,2002,339415.06
2597,1491,6,2982.0,2.0,2,1996,185410.48
2598,2486,7,3608.0,2.0,3,2003,288136.8
2599,1824,10,3648.0,3.0,2,2006,281723.03
2600,2034,3,2034.0,4.0,1,1953,168348.73
2601,936,6,1856.0,2.0,0,1996,147522.6
2602,1092,4,1638.0,1.0,1,1972,86259.05
2603,992,4,1522.0,1.0,1,1970,90208.336
2604,1092,4,1638.0,0.0,1,1970,94295.35
2605,1092,4,1638.0,1.0,1,1976,85019.07
2606,1008,5,1931.0,2.0,1,1977,149608.67
2607,1356,6,2600.0,2.0,2,1977,187265.61
2608,1676,5,2836.0,2.0,1,1977,201716.17
2609,1432,5,2148.0,2.0,1,1977,174454.77
2610,796,5,1592.0,0.0,1,1971,119016.28
2611,1608,4,3004.0,1.0,1,1961,156308.67
2612,1178,5,2268.0,2.0,1,1976,152704.86
2613,816,5,1632.0,1.0,1,1983,131632.47
2614,887,5,1751.0,1.0,1,1984,132821.42
2615,1293,6,2471.0,2.0,2,1954,151683.92
2616,1024,6,2032.0,1.0,1,1956,133476.22
2617,1797,5,3414.0,3.0,1,1957,180978.33
2618,1390,6,3095.0,2.0,1,1957,187359.97
2619,1851,7,3702.0,2.0,2,1969,213111.0
2620,1525,6,2338.0,2.0,2,1997,186431.23
2621,1671,6,2452.0,2.0,2,1995,179204.3
2622,1776,6,2597.0,2.0,2,1996,188995.72
2623,2064,8,3138.0,2.0,2,2005,249081.25
2624,2212,7,3912.0,3.0,2,2005,281815.3
2625,2687,8,4749.0,2.0,2,1994,345948.12
2626,1169,6,2329.0,2.0,2,1993,176368.27
2627,1204,8,2395.0,2.0,2,1987,178479.1
2628,2798,9,4196.0,3.0,3,2005,431381.28
2629,3390,10,4918.0,3.0,3,2006,577677.3
2630,2473,9,3567.0,3.0,2,2006,328095.9
2631,2698,10,4548.0,3.0,2,2006,458236.4
2632,2795,9,4185.0,3.0,3,2005,418531.75
2633,1714,9,3428.0,2.0,2,2005,334909.78
2634,2000,9,3910.0,3.0,2,2005,388900.2
2635,1102,6,2090.0,2.0,1,1980,157742.62
2636,1857,7,2802.0,2.0,2,1978,165037.08
2637,1083,7,2130.0,2.0,1,1976,162495.77
2638,2318,7,3278.0,2.0,2,2005,247421.22
2639,1875,6,2550.0,2.0,3,1975,184105.31
2640,1103,6,2206.0,2.0,2,1974,150107.06
2641,874,4,1738.0,2.0,1,1971,107385.91
2642,1419,6,2906.0,2.0,2,2002,199349.03
2643,1092,6,1617.0,2.0,1,1973,105078.29
2644,1365,5,2130.0,2.0,1,1973,133237.4
2645,1030,6,1524.0,1.0,1,1972,102613.82
2646,948,6,1431.0,1.0,1,1972,92551.52
2647,1092,6,1617.0,1.0,1,1972,99448.88
2648,1069,6,2138.0,2.0,2,1975,143143.77
2649,1387,5,2330.0,1.0,1,1967,153262.95
2650,1055,7,2110.0,1.0,2,1976,134135.3
2651,1456,6,2311.0,2.0,2,1976,147362.2
2652,2589,9,4327.0,3.0,2,2006,474429.5
2653,1618,8,3236.0,3.0,2,2004,242500.56
2654,1740,7,3461.0,3.0,2,2006,241046.66
2655,1868,9,3736.0,3.0,2,2005,342068.8
2656,2206,9,3296.0,3.0,2,2005,284739.5
2657,2091,9,3697.0,2.0,2,2005,337919.3
2658,2253,8,3462.0,2.0,2,2005,293272.62
2659,2389,8,3443.0,3.0,2,2006,300854.66
2660,2358,8,3882.0,3.0,2,2005,367012.06
2661,1792,9,3584.0,3.0,2,2005,332447.75
2662,1780,9,3560.0,3.0,2,2004,315527.8
2663,1914,8,3334.0,3.0,2,2004,284760.3
2664,1565,9,3125.0,2.0,2,2005,280447.66
2665,1686,9,3372.0,3.0,2,2006,328230.44
2666,1666,9,3332.0,2.0,2,2006,285329.97
2667,1456,6,2184.0,2.0,2,2005,166978.62
2668,1492,7,2230.0,2.0,2,2006,167777.78
2669,1326,6,2652.0,2.0,2,2006,182150.14
2670,2373,8,3425.0,3.0,2,2004,271014.8
2671,1492,7,2230.0,2.0,2,2006,173685.67
2672,1364,7,2584.0,2.0,2,2006,187914.94
2673,1511,7,2879.0,2.0,2,2002,213575.06
2674,1548,7,2913.0,2.0,2,2004,202173.42
2675,1142,7,2284.0,2.0,2,2005,157716.44
2676,1598,7,2446.0,2.0,2,2004,182947.75
2677,1889,6,2871.0,2.0,2,2000,203735.12
2678,2322,7,3357.0,3.0,3,2006,251219.55
2679,1976,8,3020.0,3.0,2,1998,257965.6
2680,2234,8,3394.0,3.0,2,2000,267461.9
2681,2855,9,4395.0,3.0,2,2000,415313.9
2682,2726,8,4068.0,3.0,2,1995,337848.1
2683,3500,9,5233.0,3.0,3,1993,493992.28
2684,2494,8,3784.0,3.0,2,1994,308253.22
2685,2799,8,4085.0,3.0,2,1993,342425.94
2686,1964,8,3064.0,2.0,2,2005,258804.42
2687,1670,8,3340.0,3.0,2,2006,324738.47
2688,1504,8,3008.0,2.0,2,2006,232959.1
2689,1278,8,2556.0,2.0,2,2006,216147.4
2690,2640,9,4676.0,3.0,3,2006,485064.4
2691,1716,6,2574.0,2.0,2,2005,195270.39
2692,1142,6,2284.0,0.0,1,2005,136310.36
2693,1400,7,2800.0,2.0,2,2005,189048.55
2694,1131,6,2262.0,0.0,1,2005,130411.55
2695,1686,7,2577.0,2.0,2,2005,193689.28
2696,1585,7,2369.0,2.0,2,2005,179478.84
2697,1837,6,2778.0,2.0,2,1997,190429.0
2698,1731,6,2567.0,2.0,2,1992,196943.4
2699,1398,6,2796.0,2.0,2,1990,181129.52
2700,1217,6,2434.0,2.0,2,1991,166055.08
2701,1320,6,1956.0,2.0,2,1994,159132.33
2702,988,5,1976.0,2.0,1,1962,119662.57
2703,1654,6,1654.0,2.0,2,1977,134827.39
2704,1211,5,2075.0,2.0,1,1962,146045.23
2705,984,5,1968.0,1.0,1,1965,116806.31
2706,909,5,1791.0,1.0,1,1968,124727.57
2707,925,5,1850.0,2.0,1,1963,133993.8
2708,1024,5,2048.0,1.0,1,1965,129956.96
2709,912,5,1824.0,0.0,1,1964,113674.016
2710,941,5,1853.0,1.0,1,1967,123091.31
2711,2646,7,4394.0,2.0,2,1974,274074.0
2712,2826,8,4160.0,3.0,2,1992,387992.78
2713,1143,7,2286.0,2.0,1,2004,163270.55
2714,1223,7,1743.0,2.0,2,2005,151734.16
2715,1524,6,2280.0,2.0,2,2000,170731.83
2716,1080,7,1610.0,2.0,2,2003,146053.78
2717,1694,7,2263.0,1.0,2,1997,168441.36
2718,1568,8,3136.0,2.0,2,2001,226395.98
2719,1193,5,2346.0,2.0,2,1972,156384.31
2720,1334,7,2668.0,2.0,2,1967,166012.17
2721,1051,5,2102.0,2.0,1,1968,141067.39
2722,1770,5,2670.0,2.0,1,1968,155096.72
2723,976,6,1952.0,2.0,1,1968,147525.03
2724,898,5,1731.0,1.0,1,1968,131266.08
2725,1051,5,2102.0,1.0,1,1966,135256.11
2726,1141,5,2282.0,1.0,1,1967,150332.34
2727,1565,6,2752.0,1.0,2,1965,163635.28
2728,1488,6,2496.0,2.0,1,1964,167174.84
2729,1440,5,2160.0,2.0,1,1964,161819.27
2730,1248,5,2496.0,1.0,1,1960,139803.12
2731,816,6,1632.0,1.0,1,1934,117850.2
2732,1043,5,1981.0,1.0,1,1947,122571.17
2733,1433,5,2684.0,2.0,1,1961,148941.42
2734,1624,5,3068.0,1.0,1,1952,139701.55
2735,1216,5,2272.0,1.0,1,1951,134473.39
2736,1728,5,2432.0,1.0,1,1949,148998.47
2737,936,5,1872.0,1.0,1,1954,123829.87
2738,1584,5,3168.0,2.0,2,1967,125863.46
2739,1246,6,2492.0,2.0,1,1964,162288.64
2740,1008,6,2016.0,2.0,1,1963,133847.78
2741,1364,5,2543.0,1.0,1,1957,152968.2
2742,1336,6,2457.0,2.0,1,1958,155054.84
2743,1370,5,2428.0,1.0,1,1956,156853.3
2744,1124,6,2248.0,1.0,1,1956,145338.69
2745,1050,6,2100.0,1.0,1,1954,138986.28
2746,1008,5,2016.0,1.0,1,1952,139570.53
2747,1575,6,1791.0,2.0,1,1951,134346.02
2748,1145,5,1446.0,2.0,1,1956,120522.0
2749,1005,5,2010.0,1.0,1,1956,123404.695
2750,1056,5,2112.0,1.0,1,1955,137995.38
2751,884,5,1768.0,1.0,1,1951,140607.03
2752,2039,7,2968.0,3.0,1,1941,174552.62
2753,1384,5,2399.0,2.0,1,1956,142408.69
2754,2640,5,4811.0,3.0,2,1925,210376.84
2755,1312,6,2096.0,2.0,1,1947,131256.81
2756,713,3,1426.0,1.0,1,1930,98598.87
2757,715,3,1430.0,2.0,1,1929,87225.66
2758,720,4,1168.0,1.0,1,1900,94838.9
2759,1595,6,2258.0,2.0,2,1915,163155.23
2760,1760,4,2837.0,2.0,1,1910,127826.61
2761,1146,6,2229.0,1.0,1,1963,145037.8
2762,1207,6,2342.0,1.0,1,1962,141107.17
2763,1773,6,3086.0,2.0,2,1961,181639.44
2764,1472,7,1472.0,2.0,2,1959,131198.0
2765,2448,7,3886.0,2.0,3,1962,275924.2
2766,1521,4,2431.0,1.0,1,1950,140309.05
2767,1040,3,1040.0,2.0,2,1950,87724.35
2768,1556,5,3112.0,0.0,2,1960,118419.42
2769,1150,5,2300.0,1.0,1,1961,134404.7
2770,1045,7,2090.0,2.0,1,1962,140054.7
2771,864,5,1728.0,1.0,1,1962,119021.305
2772,1025,5,2050.0,0.0,1,1962,124508.81
2773,2014,5,2730.0,2.0,2,1900,144398.75
2774,1668,5,2880.0,1.0,1,1948,135215.67
2775,1657,4,2804.0,1.0,1,1920,132313.48
2776,1416,6,2196.0,2.0,1,1900,129474.516
2777,1428,7,2140.0,2.0,1,1900,151421.22
2778,1004,7,1506.0,1.0,1,1930,91674.02
2779,1951,4,2889.0,2.0,2,1900,128962.25
2780,1032,6,2064.0,1.0,1,1924,104401.73
2781,844,5,1688.0,1.0,1,1925,98313.38
2782,864,4,1440.0,1.0,1,1950,101473.85
2783,1376,3,2114.0,1.0,1,1905,111347.04
2784,960,5,1920.0,2.0,1,1955,133093.11
2785,1566,5,2382.0,2.0,1,1924,132664.69
2786,492,3,984.0,1.0,1,1921,73757.54
2787,1182,6,1952.0,1.0,1,1945,124540.516
2788,840,3,1638.0,1.0,1,1920,80506.89
2789,2104,7,3330.0,2.0,2,1910,185996.9
2790,1248,5,1872.0,0.0,2,1920,106238.32
2791,960,5,1920.0,2.0,1,1958,120471.16
2792,1020,3,2040.0,0.0,1,1918,70633.08
2793,1827,6,2675.0,1.0,1,1924,195723.4
2794,1162,3,1890.0,1.0,1,1930,107012.16
2795,1324,5,2065.0,1.0,1,1930,118111.984
2796,816,5,1632.0,1.0,1,1925,112001.45
2797,2486,6,4081.0,2.0,2,1962,214861.92
2798,1430,4,2026.0,2.0,2,1924,114530.97
2799,1330,5,1726.0,1.0,1,1910,121709.6
2800,819,5,1429.0,0.0,1,1919,71409.305
2801,984,6,1968.0,1.0,1,1930,119683.67
2802,1422,5,2228.0,1.0,1,1951,131099.36
2803,1921,6,3842.0,2.0,2,1964,172183.31
2804,1640,5,1640.0,2.0,1,1950,138716.31
2805,1032,5,1032.0,1.0,1,1935,96888.79
2806,879,5,1709.0,1.0,1,1936,87372.57
2807,1073,7,2146.0,1.0,2,2004,142014.98
2808,1064,5,2128.0,2.0,1,1967,152119.42
2809,934,6,1846.0,1.0,1,1964,136490.6
2810,1059,5,2118.0,1.0,1,1966,139395.02
2811,1458,5,2634.0,2.0,1,1967,161887.36
2812,1040,6,2000.0,2.0,1,1978,150309.53
2813,1967,5,3934.0,2.0,2,1977,143937.78
2814,1949,5,3898.0,2.0,2,1977,143617.69
2815,872,5,1744.0,1.0,1,1924,87118.37
2816,1830,7,3695.0,2.0,1,1967,257184.84
2817,1000,5,2000.0,2.0,1,1963,144296.94
2818,810,5,1592.0,2.0,1,1971,125832.664
2819,1700,7,1990.0,1.0,2,1980,142416.28
2820,1350,4,2317.0,2.0,1,1954,143112.03
2821,1150,5,1949.0,1.0,1,1942,115416.32
2822,2009,6,2681.0,3.0,2,1928,202662.67
2823,3672,6,5508.0,2.0,3,1935,260940.64
2824,1560,5,3336.0,2.0,2,1962,172872.48
2825,1488,5,1488.0,2.0,1,1952,141807.67
2826,1057,5,2114.0,1.0,1,1955,133648.08
2827,1609,6,2609.0,1.0,1,1953,147654.92
2828,2559,6,3427.0,2.0,2,1989,221632.19
2829,1440,6,2784.0,4.0,2,1993,201234.86
2830,1876,7,3184.0,3.0,2,2005,228438.19
2831,1208,7,2416.0,2.0,2,2005,185558.17
2832,1846,6,3682.0,2.0,2,2006,230715.89
2833,1590,8,3160.0,3.0,2,2005,298452.75
2834,1809,7,2754.0,2.0,2,2005,203947.95
2835,1614,7,3228.0,2.0,2,2005,216535.6
2836,1596,7,2380.0,2.0,2,2005,193181.67
2837,1388,6,2776.0,2.0,2,1968,158798.05
2838,1100,5,2200.0,2.0,1,1996,145034.66
2839,1499,6,2280.0,2.0,2,1995,174187.58
2840,1425,7,2850.0,2.0,2,1998,204485.25
2841,1749,7,2591.0,2.0,2,1999,206955.69
2842,1779,7,2730.0,2.0,2,1999,225005.8
2843,1388,6,2063.0,1.0,1,1977,152683.28
2844,1282,6,2277.0,3.0,2,1978,164797.84
2845,864,5,1728.0,1.0,1,1972,120479.62
2846,1762,7,2588.0,2.0,2,2002,209106.38
2847,1755,6,2595.0,2.0,2,1999,203636.94
2848,1358,8,2706.0,2.0,1,2002,231899.75
2849,1909,7,2781.0,2.0,2,2002,204872.16
2850,2214,8,3304.0,3.0,2,1999,292447.1
2851,2049,7,3114.0,2.0,2,1996,236351.62
2852,1939,7,2993.0,3.0,2,1998,227037.6
2853,1995,7,2925.0,2.0,2,1995,238263.19
2854,848,6,1696.0,2.0,1,2003,140325.58
2855,1390,7,2780.0,2.0,2,2003,205648.34
2856,1737,7,2588.0,2.0,2,2006,202306.77
2857,1611,7,2395.0,2.0,2,2005,187846.44
2858,1336,7,2672.0,2.0,2,2005,197539.78
2859,1436,4,2112.0,2.0,2,1910,139305.33
2860,1012,6,1988.0,0.0,2,1975,122014.984
2861,1176,5,2352.0,1.0,1,1969,142318.73
2862,1724,7,2520.0,2.0,2,2003,193041.03
2863,914,6,1828.0,0.0,1,2002,126739.11
2864,2314,7,3464.0,2.0,2,2003,265307.56
2865,1072,6,1619.0,2.0,1,2005,142993.97
2866,1709,7,2679.0,2.0,2,2004,132263.69
2867,936,4,1560.0,1.0,1,1948,98695.164
2868,1338,6,2170.0,2.0,2,1915,100694.32
2869,1669,4,2762.0,1.0,1,1924,114380.56
2870,1482,4,2436.0,2.0,2,1954,135752.83
2871,1414,4,1828.0,0.0,1,1922,87230.93
2872,498,2,996.0,1.0,1,1922,60407.816
2873,1273,4,1889.0,1.0,1,1910,115800.375
2874,1551,5,2609.0,1.0,2,1938,130444.4
2875,1340,6,2120.0,1.0,1,1945,123449.914
2876,1479,7,2103.0,1.0,1,1926,154748.31
2877,1510,6,2265.0,1.0,1,1920,138354.92
2878,1636,7,2454.0,1.0,1,1919,174433.34
2879,1465,5,2457.0,1.0,2,1939,136218.69
2880,1288,5,2112.0,1.0,1,1941,102497.66
2881,1550,6,2367.0,1.0,1,1920,159988.95
2882,1717,5,2618.0,1.0,1,1940,168763.03
2883,1671,7,2693.0,2.0,2,1929,184323.67
2884,1609,7,2246.0,3.0,1,1932,178417.78
2885,1801,6,2498.0,2.0,1,1930,196633.55
2886,2315,5,3483.0,1.0,2,1950,209057.33
2887,976,5,1952.0,1.0,1,1942,108114.68
2888,1285,6,2146.0,2.0,1,1926,128926.43
2889,672,4,1104.0,0.0,1,1925,55889.977
2890,641,4,1282.0,1.0,1,1925,89911.914
2891,1638,6,2605.0,1.0,2,1957,143711.08
2892,729,3,729.0,0.0,1,1945,79819.984
2893,1396,5,2056.0,0.0,2,1951,112413.43
2894,936,3,1152.0,0.0,1,1916,59118.844
2895,1778,8,3351.0,2.0,2,2005,322079.2
2896,1646,8,3240.0,2.0,2,2004,263441.97
2897,1625,6,3250.0,2.0,2,1979,207976.08
2898,1664,6,3328.0,2.0,2,1978,151987.73
2899,1491,8,2982.0,2.0,2,2001,227000.98
2900,1210,6,2338.0,2.0,2,1975,160625.97
2901,1650,6,3282.0,2.0,1,1958,204473.38
2902,1403,6,2784.0,2.0,2,2000,186504.23
2903,1960,8,3688.0,3.0,2,2005,357323.75
2904,1838,9,3676.0,3.0,2,2005,328991.38
2905,1600,1,1600.0,1.0,1,1951,105745.06
2906,1368,7,2656.0,4.0,2,1997,200374.08
2907,1304,5,1568.0,1.0,1,1977,118727.95
2908,874,5,1738.0,1.0,1,1968,130546.32
2909,1652,5,3304.0,3.0,2,1970,143576.56
2910,630,4,1260.0,0.0,1,1970,81305.27
2911,1092,4,1638.0,1.0,1,1972,84740.76
2912,1360,5,2464.0,1.0,1,1969,153970.62
2913,1092,4,1638.0,1.0,1,1970,99497.54
2914,1092,4,1638.0,0.0,1,1970,85435.71
2915,1092,4,1638.0,0.0,1,1970,90936.41
2916,1092,4,1638.0,1.0,1,1970,90783.38
2917,1224,5,2448.0,2.0,1,1960,165783.8
2918,970,5,1882.0,0.0,1,1992,127054.516
2919,2000,7,2996.0,3.0,2,1993,227999.19
